week,orders,lines,n_tours,batch_cap,routing,travel_total_km,travel_per_order_m,route_calc_s,aisle_gini,tput_mean_min,tput_p90_min,block_wait_total_h,policy
13,4619,92346,4619,1,sshape,2464.158,533.4830049794327,0.09198403358459473,0.6443473458514717,93.30759441975991,168.48440004011132,666.0108641856831,B1_ABC
14,4926,101294,4926,1,sshape,2691.315,546.3489646772229,0.0932159423828125,0.6423791142614568,125.18470437245968,194.1073811407218,771.80139725322,B1_ABC
15,4428,87184,4428,1,sshape,2409.71,544.1982836495032,0.10907793045043945,0.6375567764727473,98.88789200409596,189.3903299007498,644.8362653511549,B1_ABC
16,5091,106001,5091,1,sshape,2798.434,549.6825770968376,0.09926676750183105,0.6393970339902454,121.12684958402484,208.93755594477406,803.8383346134067,B1_ABC
17,5240,99173,5240,1,sshape,2742.974,523.468320610687,0.12288498878479004,0.6325035543948454,102.85221583397107,194.39933874403513,737.5717968608928,B1_ABC
18,4195,84527,4195,1,sshape,2298.953,548.0221692491061,0.08054852485656738,0.6418697575922486,92.90293140753163,175.45059673695224,547.4252076364713,B1_ABC
19,5148,98986,5148,1,sshape,2756.013,535.3560606060606,0.10080170631408691,0.6283449174630756,109.19017133987283,185.0876744924037,727.2308097689788,B1_ABC
20,4800,94279,4800,1,sshape,2617.782,545.37125,0.10105013847351074,0.6370907094899182,96.66435432699528,162.83284703555572,701.6440666271245,B1_ABC
21,5057,98283,5057,1,sshape,2751.02,544.0023729483884,0.09530401229858398,0.6297292003703591,105.44823960494983,177.876483720561,755.9166142092265,B1_ABC
13,4619,92346,4619,1,sshape,2438.828,527.9991340116909,0.11651611328125,0.6494439390986074,90.4723002347247,160.16524136700437,663.5151301753592,A1_pool
14,4926,101294,4926,1,sshape,2656.959,539.3745432399513,0.0934293270111084,0.6478182320769246,114.60951933931975,175.85373585141267,745.760988106486,A1_pool
15,4428,87184,4428,1,sshape,2348.187,530.3042005420054,0.12763476371765137,0.6501060974490732,86.40437664610069,172.3065662242676,598.7877160817163,A1_pool
16,5091,106001,5091,1,sshape,2711.358,532.5786682380672,0.09341788291931152,0.6534568070112546,113.85642171449233,177.25995202410607,785.2726896552165,A1_pool
17,5240,99173,5240,1,sshape,2653.419,506.3776717557252,0.1179196834564209,0.6509279239309086,111.08959722769292,207.74920096468614,780.2013435675643,A1_pool
18,4195,84527,4195,1,sshape,2216.275,528.3134684147795,0.10314798355102539,0.6624602198114212,86.24129179918354,156.14219313356793,551.8754210467655,A1_pool
19,5148,98986,5148,1,sshape,2680.144,520.6184926184926,0.10906028747558594,0.6437880104257168,109.74950417466128,185.25907222807297,757.2418910455763,A1_pool
20,4800,94279,4800,1,sshape,2512.21,523.3770833333333,0.09334301948547363,0.6561050180846212,92.65469892273724,147.43626739794294,698.2075245340269,A1_pool
21,5057,98283,5057,1,sshape,2683.265,530.6041131105399,0.09316825866699219,0.6446544672018558,104.19734746673834,179.31881452892952,767.5837411493341,A1_pool
13,4619,92346,4619,1,largestgap,2117.384,458.4074474994588,0.22775983810424805,0.6443473458514717,68.77898439745513,118.93716277606862,603.5349848588963,B1_ABC
14,4926,101294,4926,1,largestgap,2316.057,470.16991473812425,0.2195265293121338,0.6423791142614568,94.3560337870029,143.25722793785522,709.4505852617959,B1_ABC
15,4428,87184,4428,1,largestgap,2077.156,469.09575429087624,0.22956132888793945,0.6375567764727473,67.93266824221809,137.3959741411918,575.7458619690117,B1_ABC
16,5091,106001,5091,1,largestgap,2433.73,478.04557061481046,0.2555093765258789,0.6393970339902454,95.80478542389315,153.26013280893287,766.6332860130502,B1_ABC
17,5240,99173,5240,1,largestgap,2368.816,452.0641221374046,0.2711763381958008,0.6325035543948454,81.05661487881187,154.1832498885033,678.5597787281889,B1_ABC
18,4195,84527,4195,1,largestgap,1968.699,469.2965435041716,0.27259087562561035,0.6418697575922486,72.80124800498544,136.74479253519152,516.7407741085595,B1_ABC
19,5148,98986,5148,1,largestgap,2394.069,465.0483682983683,0.24436640739440918,0.6283449174630756,92.75649792704526,159.06471866205464,727.9316885554216,B1_ABC
20,4800,94279,4800,1,largestgap,2255.86,469.97083333333336,0.22086215019226074,0.6370907094899182,69.02605367315749,116.98224367286826,625.9477690799382,B1_ABC
21,5057,98283,5057,1,largestgap,2389.052,472.42475776151866,0.2516179084777832,0.6297292003703591,72.03750917586096,130.11342453318954,677.1219137934492,B1_ABC
13,4619,92346,4619,1,largestgap,2101.818,455.03745399437105,0.24608826637268066,0.6494439390986074,66.77554652768926,119.93329685214208,603.8513964794367,A1_pool
14,4926,101294,4926,1,largestgap,2302.043,467.3250101502233,0.24085545539855957,0.6478182320769246,87.80991889369997,140.44185835263826,684.8434599890517,A1_pool
15,4428,87184,4428,1,largestgap,2042.661,461.30555555555554,0.21310210227966309,0.6501060974490732,59.23686055676789,125.13037447796843,523.6798940028934,A1_pool
16,5091,106001,5091,1,largestgap,2363.46,464.24278137890394,0.2667238712310791,0.6534568070112546,86.35849295064705,141.80926435043318,746.3363501558791,A1_pool
17,5240,99173,5240,1,largestgap,2283.245,435.7337786259542,0.23190784454345703,0.6509279239309086,77.16137704172425,143.21053516542955,681.9163356046076,A1_pool
18,4195,84527,4195,1,largestgap,1910.823,455.50011918951134,0.190871000289917,0.6624602198114212,70.70297010724316,138.28607360854238,509.1284517013449,A1_pool
19,5148,98986,5148,1,largestgap,2309.514,448.62354312354313,0.2503845691680908,0.6437880104257168,80.44196472595601,137.34550615434347,682.2364346327279,A1_pool
20,4800,94279,4800,1,largestgap,2147.972,447.4941666666667,0.23588156700134277,0.6561050180846212,63.60593688634664,116.27203757078873,613.4298822787016,A1_pool
21,5057,98283,5057,1,largestgap,2310.185,456.8291477160372,0.28416895866394043,0.6446544672018558,80.47175495040045,143.7086330589925,721.9182838441154,A1_pool
13,4619,92346,2310,2,sshape,1902.093,411.79757523273435,0.0675954818725586,0.6443473458514717,96.03112759791543,169.9884278792432,735.7658126042074,B1_ABC
14,4926,101294,2463,2,sshape,2073.604,420.95087291920424,0.062186241149902344,0.6423791142614568,116.89410854864315,174.71045728901558,793.0921199475628,B1_ABC
15,4428,87184,2214,2,sshape,1868.999,422.086495031617,0.05089735984802246,0.6375567764727473,96.05310572619227,200.3220151751961,670.720424424889,B1_ABC
16,5091,106001,2546,2,sshape,2159.75,424.22903162443527,0.05652904510498047,0.6393970339902454,120.21837572009389,197.1161601405882,849.2528379789788,B1_ABC
17,5240,99173,2620,2,sshape,2148.018,409.9270992366412,0.05926799774169922,0.6325035543948454,109.03795818600442,188.64350125086682,802.518742628377,B1_ABC
18,4195,84527,2098,2,sshape,1773.292,422.7156138259833,0.06305146217346191,0.6418697575922486,90.1741187868857,166.94332543181906,592.3607696737927,B1_ABC
19,5148,98986,2574,2,sshape,2145.014,416.66938616938614,0.07295942306518555,0.6283449174630756,108.36287958657854,174.91168040299422,800.4809729905091,B1_ABC
20,4800,94279,2400,2,sshape,2033.901,423.729375,0.05452561378479004,0.6370907094899182,92.33746495506189,145.27870231328066,760.091328746445,B1_ABC
21,5057,98283,2529,2,sshape,2138.873,422.9529365236306,0.05618119239807129,0.6297292003703591,93.92775723421579,145.6038222952706,769.8024205631449,B1_ABC
13,4619,92346,2310,2,sshape,1882.86,407.63368694522626,0.051316022872924805,0.6494439390986074,89.29045595120543,157.1133653857518,714.1501011366697,A1_pool
14,4926,101294,2463,2,sshape,2050.043,416.16788469346324,0.057926177978515625,0.6478182320769246,114.69764298801962,175.46476741629485,789.0370358521657,A1_pool
15,4428,87184,2214,2,sshape,1819.472,410.9015356820235,0.054314374923706055,0.6501060974490732,90.94277715484392,169.8584009786011,660.284721177679,A1_pool
16,5091,106001,2546,2,sshape,2085.778,409.69907680219995,0.0731496810913086,0.6534568070112546,105.56669255976612,169.491554855743,840.027583884737,A1_pool
17,5240,99173,2620,2,sshape,2072.695,395.55248091603056,0.07324337959289551,0.6509279239309086,110.30247904125757,188.66349856327318,830.2958350103946,A1_pool
18,4195,84527,2098,2,sshape,1709.684,407.5528009535161,0.0489039421081543,0.6624602198114212,92.56081196489832,170.52354539813987,642.3788183299074,A1_pool
19,5148,98986,2574,2,sshape,2085.964,405.1989121989122,0.056337594985961914,0.6437880104257168,120.29563456287838,214.06713110235972,856.7400266283034,A1_pool
20,4800,94279,2400,2,sshape,1949.749,406.1977083333333,0.051268815994262695,0.6561050180846212,94.18761917214799,141.99948952559595,783.5183755704905,A1_pool
21,5057,98283,2529,2,sshape,2083.158,411.9355349021159,0.054384708404541016,0.6446544672018558,87.6458828369641,144.83244926117973,753.3328113087631,A1_pool
13,4619,92346,1155,4,sshape,1320.115,285.801039185971,0.04619431495666504,0.6443473458514717,76.43362871602861,130.16082898001866,563.5189831275444,B1_ABC
14,4926,101294,1232,4,sshape,1437.794,291.87860332927323,0.029779672622680664,0.6423791142614568,84.23632005518377,126.81283065047135,645.1285993402445,B1_ABC
15,4428,87184,1107,4,sshape,1297.782,293.0853658536585,0.027498245239257812,0.6375567764727473,78.91080811428641,135.6418076528949,554.7303517644957,B1_ABC
16,5091,106001,1273,4,sshape,1499.734,294.58534669023766,0.03140830993652344,0.6393970339902454,88.13202869542708,139.10188077985543,703.4129902704067,B1_ABC
17,5240,99173,1310,4,sshape,1504.975,287.20896946564886,0.03214669227600098,0.6325035543948454,82.75287566275212,130.77590307149396,679.3013354511603,B1_ABC
18,4195,84527,1049,4,sshape,1227.574,292.6278903456496,0.02619194984436035,0.6418697575922486,78.97010597265106,129.99121259593346,500.3881213391137,B1_ABC
19,5148,98986,1287,4,sshape,1509.737,293.26670551670554,0.03226065635681152,0.6283449174630756,103.62183497846243,175.95715596628145,787.6302606198391,B1_ABC
20,4800,94279,1200,4,sshape,1415.6,294.9166666666667,0.029541969299316406,0.6370907094899182,73.39638676131364,114.97441018245209,562.0894342011633,B1_ABC
21,5057,98283,1265,4,sshape,1489.777,294.59699426537475,0.034194231033325195,0.6297292003703591,82.08465078408248,121.08370547028726,680.2526125235369,B1_ABC
13,4619,92346,1155,4,sshape,1307.344,283.03615501190734,0.029128551483154297,0.6494439390986074,73.48180956200642,118.04199172470173,537.4468700239061,A1_pool
14,4926,101294,1232,4,sshape,1423.869,289.05176613885504,0.030651330947875977,0.6478182320769246,81.40227143837247,114.03986864627238,655.8533625698974,A1_pool
15,4428,87184,1107,4,sshape,1264.42,285.55103884372176,0.027541160583496094,0.6501060974490732,69.24418553041384,126.29316771507588,460.66129969291,A1_pool
16,5091,106001,1273,4,sshape,1445.378,283.90846592025144,0.030791521072387695,0.6534568070112546,80.2577041809317,117.42254335386095,653.1271580121203,A1_pool
17,5240,99173,1310,4,sshape,1446.624,276.0732824427481,0.03301215171813965,0.6509279239309086,81.87620748237619,145.81642900339742,659.3167979101603,A1_pool
18,4195,84527,1049,4,sshape,1181.553,281.6574493444577,0.02498173713684082,0.6624602198114212,84.5435717702938,151.91390121905016,514.113963983429,A1_pool
19,5148,98986,1287,4,sshape,1460.787,283.7581585081585,0.031000375747680664,0.6437880104257168,90.53830187502636,140.29936691131255,716.7872206145993,A1_pool
20,4800,94279,1200,4,sshape,1354.115,282.10729166666664,0.029471874237060547,0.6561050180846212,68.27572173391984,108.99550243143835,532.8831956035292,A1_pool
21,5057,98283,1265,4,sshape,1445.654,285.87186078702786,0.032718658447265625,0.6446544672018558,82.7276498426364,129.00694810753677,649.2877463200813,A1_pool
13,4619,92346,1155,4,largestgap,1243.113,269.1303312405283,0.0992588996887207,0.6443473458514717,81.84190314580937,128.3509345022086,633.6976253335263,B1_ABC
14,4926,101294,1232,4,largestgap,1357.982,275.6764108810394,0.1045217514038086,0.6423791142614568,70.3421237214665,106.76735132427675,563.6053153915507,B1_ABC
15,4428,87184,1107,4,largestgap,1226.372,276.9584462511292,0.09318256378173828,0.6375567764727473,72.87483829209629,125.16340700478695,498.6061788686202,B1_ABC
16,5091,106001,1273,4,largestgap,1428.734,280.63916715772933,0.10967755317687988,0.6393970339902454,89.849532807224,139.07330746872736,722.7209564084066,B1_ABC
17,5240,99173,1310,4,largestgap,1420.861,271.15667938931296,0.11017966270446777,0.6325035543948454,78.12803716382784,134.99589046672074,644.6552539752021,B1_ABC
18,4195,84527,1049,4,largestgap,1152.036,274.6212157330155,0.10252642631530762,0.6418697575922486,70.69545395231732,110.22978004578191,496.02374242484285,B1_ABC
19,5148,98986,1287,4,largestgap,1436.741,279.08721833721836,0.10936903953552246,0.6283449174630756,84.76078986978331,131.3222379297287,700.0146406626907,B1_ABC
20,4800,94279,1200,4,largestgap,1340.254,279.21958333333333,0.11124515533447266,0.6370907094899182,70.53237934585493,113.02200642489446,548.0789239000972,B1_ABC
21,5057,98283,1265,4,largestgap,1416.155,280.03856041131104,0.10747146606445312,0.6297292003703591,74.21647516385514,108.25649342546687,641.5793553461049,B1_ABC
13,4619,92346,1155,4,largestgap,1233.18,266.97986577181206,0.09429049491882324,0.6494439390986074,77.04498096995206,128.31250803380888,584.015767148262,A1_pool
14,4926,101294,1232,4,largestgap,1350.749,274.2080795777507,0.1026618480682373,0.6478182320769246,85.02110294892739,123.29210132345516,673.6794774310877,A1_pool
15,4428,87184,1107,4,largestgap,1204.636,272.04968383017166,0.09675836563110352,0.6501060974490732,64.8187566866205,108.57924054182935,458.2654797293295,A1_pool
16,5091,106001,1273,4,largestgap,1382.132,271.48536633274404,0.11798739433288574,0.6534568070112546,80.82545447824992,121.74895835362102,673.4671353992893,A1_pool
17,5240,99173,1310,4,largestgap,1363.324,260.1763358778626,0.10995078086853027,0.6509279239309086,79.49150746499399,148.668839261191,637.2755364516761,A1_pool
18,4195,84527,1049,4,largestgap,1115.211,265.84290822407627,0.10256290435791016,0.6624602198114212,69.53753196887502,111.9038976195932,456.52430805357693,A1_pool
19,5148,98986,1287,4,largestgap,1382.021,268.4578477078477,0.10738492012023926,0.6437880104257168,85.2599732201923,130.92748608122,703.4754542288193,A1_pool
20,4800,94279,1200,4,largestgap,1272.021,265.004375,0.09873533248901367,0.6561050180846212,62.14337131360091,109.63161258538729,471.1992382254773,A1_pool
21,5057,98283,1265,4,largestgap,1362.308,269.39054775558634,0.10455012321472168,0.6446544672018558,77.19490482746119,124.74314236490339,650.2764982205144,A1_pool
