week,orders,lines,travel_total_km,travel_per_order_m,route_calc_s,aisle_gini,tput_mean_min,tput_p90_min,block_wait_total_h,policy,moves,opt_time_s,cell,factor,level
13,4619,92346,2692.8535999999995,582.9949339683914,0.06032133102416992,0.5003779264938384,153.54297175658263,298.6302391485377,929.2910009165998,B1,0,0.0,F_1_0.8,blocksxpitch,1|0.8
14,4926,101294,2925.342,593.857490864799,0.0653376579284668,0.4988716014768891,175.37668563237085,275.78559681187323,984.787036922893,B1,0,0.0,F_1_0.8,blocksxpitch,1|0.8
15,4428,87184,2644.0152000000003,597.1127371273714,0.05824923515319824,0.49265232152688565,166.24118147386568,312.21251884525884,877.1213800838657,B1,0,0.0,F_1_0.8,blocksxpitch,1|0.8
16,5091,106001,3076.4664,604.2951090159104,0.06739640235900879,0.48816379090763296,182.25764840632465,300.4021930102375,1062.4014501968481,B1,0,0.0,F_1_0.8,blocksxpitch,1|0.8
17,5240,99173,2998.6192,572.255572519084,0.06975388526916504,0.48284664172708297,179.9138489353933,319.70841428943027,1049.7450800072238,B1,0,0.0,F_1_0.8,blocksxpitch,1|0.8
18,4195,84527,2500.6944,596.1130870083432,0.056081533432006836,0.49760490730772416,142.05973742147972,263.72380311490775,772.7489883868127,B1,0,0.0,F_1_0.8,blocksxpitch,1|0.8
19,5148,98986,3023.0279999999993,587.2237762237761,0.06791400909423828,0.47861515769906854,179.41540680873948,305.7758701421116,1021.1365356764798,B1,0,0.0,F_1_0.8,blocksxpitch,1|0.8
20,4800,94279,2876.2032000000004,599.2090000000001,0.06346988677978516,0.4899760285959758,162.51432863167534,262.39109786297314,957.178596422791,B1,0,0.0,F_1_0.8,blocksxpitch,1|0.8
21,5057,98283,2981.2472000000002,589.5288115483488,0.07113432884216309,0.48672761311722273,162.5667744323777,267.06120898811906,986.8628041013633,B1,0,0.0,F_1_0.8,blocksxpitch,1|0.8
13,4619,92346,2691.132,582.6222126001298,0.060276031494140625,0.5041366166374288,146.03968603095473,263.18516647241654,912.8999416158242,A1,100,5.5,F_1_0.8,blocksxpitch,1|0.8
14,4926,101294,2939.5096000000003,596.7335769386926,0.06443929672241211,0.5001668410764705,179.91027652215487,292.8584605679954,1013.1505664989928,A1,100,5.08,F_1_0.8,blocksxpitch,1|0.8
15,4428,87184,2624.714,592.7538392050587,0.05773472785949707,0.5006744356762709,167.22194867354366,305.86394345119913,884.1858331791944,A1,100,5.44,F_1_0.8,blocksxpitch,1|0.8
16,5091,106001,3031.5884000000005,595.4799450009822,0.06614923477172852,0.50481174705899,199.0745717294458,320.17017771873844,1099.949405322772,A1,100,5.41,F_1_0.8,blocksxpitch,1|0.8
17,5240,99173,2964.7504,565.7920610687023,0.06824183464050293,0.498479929012937,188.62956305758843,325.7892389945941,1094.244416089371,A1,100,5.27,F_1_0.8,blocksxpitch,1|0.8
18,4195,84527,2490.3915999999995,593.6571156138259,0.06839466094970703,0.5100530008163072,150.71663147929772,282.88874688110116,825.9973059807055,A1,100,7.18,F_1_0.8,blocksxpitch,1|0.8
19,5148,98986,2980.7444,579.0101787101787,0.07481241226196289,0.49288889337886166,173.89874482310245,298.05098778697914,1028.9712633646009,A1,100,8.62,F_1_0.8,blocksxpitch,1|0.8
20,4800,94279,2825.9152,588.7323333333333,0.06301999092102051,0.5079079116240096,161.95724825500355,261.36062855662533,1014.2393643379953,A1,100,5.56,F_1_0.8,blocksxpitch,1|0.8
21,5057,98283,2962.3984,585.8015424164524,0.06643176078796387,0.4964597132769655,176.64532397610571,296.4685508307319,1071.2241243573983,A1,100,5.23,F_1_0.8,blocksxpitch,1|0.8
13,4619,92346,3403.176,736.7776575016237,0.06755685806274414,0.4546932189807896,222.77550319771606,369.6089423712334,1112.394204587203,B1,0,0.0,F_1_1.0,blocksxpitch,1|1.0
14,4926,101294,3728.064,756.8136419001218,0.06555438041687012,0.4450382056192864,288.7563799496049,468.39313223084054,1320.8510174650662,B1,0,0.0,F_1_1.0,blocksxpitch,1|1.0
15,4428,87184,3367.218,760.4376693766937,0.08671402931213379,0.4438555239493485,262.20025451683966,470.9186165194602,1092.0999919640528,B1,0,0.0,F_1_1.0,blocksxpitch,1|1.0
16,5091,106001,3880.896,762.3052445492045,0.06665349006652832,0.44465476740785465,275.09943016653057,471.78912783123525,1274.170658728082,B1,0,0.0,F_1_1.0,blocksxpitch,1|1.0
17,5240,99173,3768.606,719.1996183206107,0.06853365898132324,0.4425846752644369,253.41105557503448,428.78118002706395,1176.3321344711712,B1,0,0.0,F_1_1.0,blocksxpitch,1|1.0
18,4195,84527,3163.662,754.1506555423123,0.05466151237487793,0.45455475765140135,237.41310727267032,456.2270391397242,1036.2249477320784,B1,0,0.0,F_1_1.0,blocksxpitch,1|1.0
19,5148,98986,3781.578,734.5722610722611,0.06812095642089844,0.4374224637827572,262.23202250233714,437.38684285611396,1216.8207207412993,B1,0,0.0,F_1_1.0,blocksxpitch,1|1.0
20,4800,94279,3630.996,756.4575,0.06301021575927734,0.4454433118722091,255.30051382046204,404.6507383647194,1194.5431233457637,B1,0,0.0,F_1_1.0,blocksxpitch,1|1.0
21,5057,98283,3771.174,745.7334387977062,0.06556200981140137,0.44019667694311326,256.92367604726155,422.78490410716074,1222.0213606517227,B1,0,0.0,F_1_1.0,blocksxpitch,1|1.0
13,4619,92346,3406.122,737.4154578913185,0.06000971794128418,0.45527689342256294,229.99981602020887,393.1587625931677,1122.4076578622935,A1,100,5.28,F_1_1.0,blocksxpitch,1|1.0
14,4926,101294,3708.882,752.919610231425,0.06383514404296875,0.4532252650699943,260.47535841719576,411.2867350056222,1227.3096779992886,A1,100,5.04,F_1_1.0,blocksxpitch,1|1.0
15,4428,87184,3327.672,751.5067750677507,0.05773186683654785,0.4506595246834281,258.5916030524799,456.6669857079216,1097.2004601657989,A1,100,5.13,F_1_1.0,blocksxpitch,1|1.0
16,5091,106001,3857.574,757.7242192103712,0.06891822814941406,0.4503481099234913,285.9933892253435,493.41005133268095,1339.0500041906278,A1,100,5.72,F_1_1.0,blocksxpitch,1|1.0
17,5240,99173,3725.19,710.9141221374045,0.06815862655639648,0.4580767950954393,259.25792799784057,454.9339226737288,1259.7903527524466,A1,100,5.6,F_1_1.0,blocksxpitch,1|1.0
18,4195,84527,3133.68,747.0035756853397,0.05625152587890625,0.46327386515551244,229.60878341424097,440.44199369023477,1008.3253182510524,A1,99,5.46,F_1_1.0,blocksxpitch,1|1.0
19,5148,98986,3765.054,731.3624708624709,0.06816673278808594,0.4498898834178571,269.5292096754767,441.35991117968456,1257.0244654592336,A1,100,5.22,F_1_1.0,blocksxpitch,1|1.0
20,4800,94279,3591.234,748.17375,0.06233334541320801,0.46124852830428836,243.3104559109615,411.29972621535643,1188.2710748323836,A1,100,5.2,F_1_1.0,blocksxpitch,1|1.0
21,5057,98283,3781.194,747.7148507019972,0.06563830375671387,0.4481543094940122,250.04261134496377,431.641222646551,1233.3121184436734,A1,100,4.87,F_1_1.0,blocksxpitch,1|1.0
13,4619,92346,4314.688,934.1173414158909,0.7101976871490479,0.4078844779416542,339.847129105046,575.79684263993,1358.4586384184001,B1,0,0.0,F_1_1.25,blocksxpitch,1|1.25
14,4926,101294,4658.927,945.782988225741,0.069000244140625,0.405621260884159,380.32570613644475,616.8644151802007,1496.1016250951893,B1,0,0.0,F_1_1.25,blocksxpitch,1|1.25
15,4428,87184,4186.107,945.3719512195122,0.0896000862121582,0.40398926408515323,338.03001082174984,611.3328018299728,1205.128741843873,B1,0,0.0,F_1_1.25,blocksxpitch,1|1.25
16,5091,106001,4848.562,952.3791003732076,0.14823341369628906,0.39938915670606884,388.9781557495176,641.7473859788889,1500.0380975252074,B1,0,0.0,F_1_1.25,blocksxpitch,1|1.25
17,5240,99173,4749.771,906.4448473282442,0.10475015640258789,0.3931992578625231,374.4439903897044,656.8803429314653,1449.8910054021921,B1,0,0.0,F_1_1.25,blocksxpitch,1|1.25
18,4195,84527,4011.5275,956.2640047675804,0.056441545486450195,0.4078832798987306,315.1827702962919,596.6670375266065,1173.5014236057063,B1,0,0.0,F_1_1.25,blocksxpitch,1|1.25
19,5148,98986,4775.485,927.6388888888889,0.06742548942565918,0.3946376255228012,383.4224720353789,639.49018696756,1475.1998859574805,B1,0,0.0,F_1_1.25,blocksxpitch,1|1.25
20,4800,94279,4566.925,951.4427083333334,0.06277966499328613,0.4060411120185831,351.2086419516378,572.0524806464416,1380.035900506217,B1,0,0.0,F_1_1.25,blocksxpitch,1|1.25
21,5057,98283,4724.9915,934.346747083251,0.06664276123046875,0.3963172674826776,358.88982960899455,604.2286046234727,1451.306490113476,B1,0,0.0,F_1_1.25,blocksxpitch,1|1.25
13,4619,92346,4301.145,931.1853214981597,0.060694217681884766,0.4099495376085591,321.82032862088073,564.5376494339558,1337.6057536118471,A1,100,5.24,F_1_1.25,blocksxpitch,1|1.25
14,4926,101294,4627.6625,939.4361550954121,0.06447863578796387,0.4129849744308646,352.59619104103234,575.3272398013272,1400.6795075239907,A1,100,5.2,F_1_1.25,blocksxpitch,1|1.25
15,4428,87184,4156.0465,938.5832204155375,0.05842280387878418,0.40880092677555513,366.7655244190074,668.4120187225903,1291.886359026633,A1,100,5.44,F_1_1.25,blocksxpitch,1|1.25
16,5091,106001,4820.815,946.9288941268906,0.06663632392883301,0.4064353166479561,381.56523836952175,632.990584204374,1500.1278602889345,A1,100,5.27,F_1_1.25,blocksxpitch,1|1.25
17,5240,99173,4717.4425,900.275286259542,0.06960630416870117,0.4044190455063374,385.0222414768693,646.5877206541645,1470.7127399242286,A1,100,5.3,F_1_1.25,blocksxpitch,1|1.25
18,4195,84527,3945.957,940.6333730631704,0.05645585060119629,0.41985696877920664,299.25902262523215,562.6876855676433,1092.8924574108792,A1,100,5.19,F_1_1.25,blocksxpitch,1|1.25
19,5148,98986,4717.7255,916.4190947940948,0.06739258766174316,0.4059604388499384,354.44957263154953,589.9722625012362,1379.0881722600495,A1,100,5.92,F_1_1.25,blocksxpitch,1|1.25
20,4800,94279,4495.479,936.558125,0.06276226043701172,0.42047380646803634,347.53982387661466,573.056707129163,1418.8797547735337,A1,100,5.25,F_1_1.25,blocksxpitch,1|1.25
21,5057,98283,4695.779,928.5701008503065,0.07100725173950195,0.4074850177548508,367.06425750244057,618.0265985745092,1501.8307601483523,A1,99,5.26,F_1_1.25,blocksxpitch,1|1.25
13,4619,92346,2049.426,443.6947391210219,0.08765602111816406,0.6514266995863384,46.01591958481292,85.38835422059479,500.3136431336976,B1,0,0.0,F_2_0.8,blocksxpitch,2|0.8
14,4926,101294,2224.3392000000003,451.55079171741784,0.09888553619384766,0.6534414674116927,72.12905708792213,120.07119275350657,612.691962889779,B1,0,0.0,F_2_0.8,blocksxpitch,2|0.8
15,4428,87184,2007.4176,453.34634146341466,0.08373093605041504,0.6481665213800697,63.782751234132,135.4766945346864,516.8239837889528,B1,0,0.0,F_2_0.8,blocksxpitch,2|0.8
16,5091,106001,2326.0392,456.8923983500295,0.09584283828735352,0.649118640390185,63.482097563362544,97.1802842942098,633.5873024885789,B1,0,0.0,F_2_0.8,blocksxpitch,2|0.8
17,5240,99173,2280.0612,435.12618320610693,0.09875774383544922,0.6404764905770723,55.1969006851616,99.33013083273188,565.249258283343,B1,0,0.0,F_2_0.8,blocksxpitch,2|0.8
18,4195,84527,1905.5436000000002,454.241620977354,0.08033323287963867,0.6534063080435837,61.13403219244136,115.02375175665988,477.28631280931296,B1,0,0.0,F_2_0.8,blocksxpitch,2|0.8
19,5148,98986,2303.5284,447.4608391608392,0.09661459922790527,0.6386741559412442,74.40393255274752,131.9052348696781,635.432488633111,B1,0,0.0,F_2_0.8,blocksxpitch,2|0.8
20,4800,94279,2190.6755999999996,456.3907499999999,0.0906534194946289,0.6470913458988746,58.401633560143594,100.58026253988221,592.0187785777595,B1,0,0.0,F_2_0.8,blocksxpitch,2|0.8
21,5057,98283,2292.6612,453.363891635357,0.09594058990478516,0.6418660907786697,61.856820380238375,107.55880388946736,597.497548013995,B1,0,0.0,F_2_0.8,blocksxpitch,2|0.8
13,4619,92346,2031.8808000000001,439.8962546005629,0.08529186248779297,0.6570793537348667,54.32296444902125,101.76176233950284,560.3642255579149,A1,100,5.06,F_2_0.8,blocksxpitch,2|0.8
14,4926,101294,2210.0856,448.6572472594397,0.09364914894104004,0.6586298299998026,73.52013558936446,119.21852570174839,620.45265613871,A1,100,4.94,F_2_0.8,blocksxpitch,2|0.8
15,4428,87184,1988.2727999999997,449.02276422764226,0.08886361122131348,0.6577365112864746,59.09485851617712,126.183527160727,517.2212329764684,A1,100,5.48,F_2_0.8,blocksxpitch,2|0.8
16,5091,106001,2298.8832,451.5582793164408,0.09612250328063965,0.6610015471552155,65.25192912812781,106.03923669241485,664.3908397589593,A1,100,10.44,F_2_0.8,blocksxpitch,2|0.8
17,5240,99173,2236.2563999999998,426.7664885496183,0.0991964340209961,0.6589043892995069,61.80970211071665,126.83841172890996,602.7215372722468,A1,100,5.26,F_2_0.8,blocksxpitch,2|0.8
18,4195,84527,1868.9436,445.5169487485102,0.07976150512695312,0.6707315414009725,61.77499611250824,122.13388841153838,488.411085006004,A1,100,5.43,F_2_0.8,blocksxpitch,2|0.8
19,5148,98986,2255.928,438.2144522144522,0.09455204010009766,0.6536267755036066,66.36503764502112,118.4567015869604,614.261732915103,A1,100,5.3,F_2_0.8,blocksxpitch,2|0.8
20,4800,94279,2105.8704,438.72299999999996,0.08774924278259277,0.6681951972337424,53.185426439786674,98.1773161923148,539.1553329682313,A1,100,5.19,F_2_0.8,blocksxpitch,2|0.8
21,5057,98283,2239.3044000000004,442.8128139212973,0.09726381301879883,0.6584422026189677,56.71407863921088,95.95218401830058,598.6302436428034,A1,100,4.9,F_2_0.8,blocksxpitch,2|0.8
13,4619,92346,2464.158,533.4830049794327,0.08787798881530762,0.6443473458514717,93.30759441975991,168.48440004011132,666.0108641856831,B1,0,0.0,F_2_1.0,blocksxpitch,2|1.0
14,4926,101294,2691.315,546.3489646772229,0.09477734565734863,0.6423791142614568,125.18470437245968,194.1073811407218,771.80139725322,B1,0,0.0,F_2_1.0,blocksxpitch,2|1.0
15,4428,87184,2409.71,544.1982836495032,0.08084607124328613,0.6375567764727473,98.88789200409596,189.3903299007498,644.8362653511549,B1,0,0.0,F_2_1.0,blocksxpitch,2|1.0
16,5091,106001,2798.434,549.6825770968376,0.11284399032592773,0.6393970339902454,121.12684958402484,208.93755594477406,803.8383346134067,B1,0,0.0,F_2_1.0,blocksxpitch,2|1.0
17,5240,99173,2742.974,523.468320610687,0.09696030616760254,0.6325035543948454,102.85221583397107,194.39933874403513,737.5717968608928,B1,0,0.0,F_2_1.0,blocksxpitch,2|1.0
18,4195,84527,2298.953,548.0221692491061,0.07915019989013672,0.6418697575922486,92.90293140753163,175.45059673695224,547.4252076364713,B1,0,0.0,F_2_1.0,blocksxpitch,2|1.0
19,5148,98986,2756.013,535.3560606060606,0.09480571746826172,0.6283449174630756,109.19017133987283,185.0876744924037,727.2308097689788,B1,0,0.0,F_2_1.0,blocksxpitch,2|1.0
20,4800,94279,2617.782,545.37125,0.10010075569152832,0.6370907094899182,96.66435432699528,162.83284703555572,701.6440666271245,B1,0,0.0,F_2_1.0,blocksxpitch,2|1.0
21,5057,98283,2751.02,544.0023729483884,0.2744150161743164,0.6297292003703591,105.44823960494983,177.876483720561,755.9166142092265,B1,0,0.0,F_2_1.0,blocksxpitch,2|1.0
13,4619,92346,2438.828,527.9991340116909,0.0831756591796875,0.6494439390986074,90.4723002347247,160.16524136700437,663.5151301753592,A1,100,12.59,F_2_1.0,blocksxpitch,2|1.0
14,4926,101294,2656.959,539.3745432399513,0.09109926223754883,0.6478182320769246,114.60951933931975,175.85373585141267,745.760988106486,A1,100,5.27,F_2_1.0,blocksxpitch,2|1.0
15,4428,87184,2348.187,530.3042005420054,0.0881643295288086,0.6501060974490732,86.40437664610069,172.3065662242676,598.7877160817163,A1,100,5.48,F_2_1.0,blocksxpitch,2|1.0
16,5091,106001,2711.358,532.5786682380672,0.09287095069885254,0.6534568070112546,113.85642171449233,177.25995202410607,785.2726896552165,A1,100,5.48,F_2_1.0,blocksxpitch,2|1.0
17,5240,99173,2653.419,506.3776717557252,0.09462428092956543,0.6509279239309086,111.08959722769292,207.74920096468614,780.2013435675643,A1,100,5.3,F_2_1.0,blocksxpitch,2|1.0
18,4195,84527,2216.275,528.3134684147795,0.07528901100158691,0.6624602198114212,86.24129179918354,156.14219313356793,551.8754210467655,A1,99,5.24,F_2_1.0,blocksxpitch,2|1.0
19,5148,98986,2680.144,520.6184926184926,0.09386873245239258,0.6437880104257168,109.74950417466128,185.25907222807297,757.2418910455763,A1,100,5.82,F_2_1.0,blocksxpitch,2|1.0
20,4800,94279,2512.21,523.3770833333333,0.08982205390930176,0.6561050180846212,92.65469892273724,147.43626739794294,698.2075245340269,A1,100,5.25,F_2_1.0,blocksxpitch,2|1.0
21,5057,98283,2683.265,530.6041131105399,0.09237003326416016,0.6446544672018558,104.19734746673834,179.31881452892952,767.5837411493341,A1,100,5.03,F_2_1.0,blocksxpitch,2|1.0
13,4619,92346,2927.6025,633.8173847153064,0.08116579055786133,0.6353659064821432,143.42885477353218,232.2355726262007,810.5383272879246,B1,0,0.0,F_2_1.25,blocksxpitch,2|1.25
14,4926,101294,3188.31,647.2411693057247,0.08795595169067383,0.633224574012281,168.706791022858,255.84435464440224,876.6465930489605,B1,0,0.0,F_2_1.25,blocksxpitch,2|1.25
15,4428,87184,2870.51925,648.2654132791328,0.07864665985107422,0.6284214993576803,157.20465335892644,290.3977131426258,795.0465865154239,B1,0,0.0,F_2_1.25,blocksxpitch,2|1.25
16,5091,106001,3344.05875,656.8569534472599,0.09415125846862793,0.6284584579390761,183.88966049155624,298.8857231879922,973.1354691021683,B1,0,0.0,F_2_1.25,blocksxpitch,2|1.25
17,5240,99173,3289.31625,627.732108778626,0.1045386791229248,0.61991746745586,151.7580320868363,246.63621833506983,840.2407897474891,B1,0,0.0,F_2_1.25,blocksxpitch,2|1.25
18,4195,84527,2761.866,658.3709177592372,0.0805351734161377,0.6308082032959883,154.86055588837203,295.2493645750192,731.8075842140859,B1,0,0.0,F_2_1.25,blocksxpitch,2|1.25
19,5148,98986,3304.557,641.9108391608391,0.0945124626159668,0.6189243933485543,175.20409395540486,298.5407261984088,922.8800641694382,B1,0,0.0,F_2_1.25,blocksxpitch,2|1.25
20,4800,94279,3139.45875,654.05390625,0.09011268615722656,0.6282637172647143,156.19030026673036,255.30811104768782,890.8411537449684,B1,0,0.0,F_2_1.25,blocksxpitch,2|1.25
21,5057,98283,3290.415,650.6654142772395,0.09108233451843262,0.6194145986589746,160.07829861455366,270.49593364386584,881.6405975749057,B1,0,0.0,F_2_1.25,blocksxpitch,2|1.25
13,4619,92346,2921.65275,632.5292812297034,0.08349967002868652,0.6385820717735473,150.92251852037055,249.8897341868403,849.3594047458961,A1,100,5.26,F_2_1.25,blocksxpitch,2|1.25
14,4926,101294,3187.545,647.0858708891595,0.08986401557922363,0.6363604951922127,170.6556054010869,260.58239256836714,893.6603976653275,A1,100,4.99,F_2_1.25,blocksxpitch,2|1.25
15,4428,87184,2832.76575,639.7393292682926,0.11030077934265137,0.637393329051202,155.12227721829916,295.434257111071,793.3566675820778,A1,100,6.47,F_2_1.25,blocksxpitch,2|1.25
16,5091,106001,3241.54725,636.7211255156158,0.11055994033813477,0.6448493410439524,170.34253864201344,270.5027881925077,926.8030136227203,A1,100,9.98,F_2_1.25,blocksxpitch,2|1.25
17,5240,99173,3179.4645,606.768034351145,0.0912015438079834,0.6377126334788703,170.5661389217963,293.35151004508697,933.7338136858554,A1,100,5.97,F_2_1.25,blocksxpitch,2|1.25
18,4195,84527,2676.87225,638.1101907032181,0.0742943286895752,0.6483854271416234,142.7854793801125,266.5084827555983,706.520971495661,A1,99,5.27,F_2_1.25,blocksxpitch,2|1.25
19,5148,98986,3216.708,624.8461538461538,0.09059572219848633,0.631984321015093,171.13115100896934,287.88749158401896,915.2829005453826,A1,100,5.11,F_2_1.25,blocksxpitch,2|1.25
20,4800,94279,3018.02925,628.75609375,0.08821487426757812,0.6476752511163674,148.83977666525956,238.80466374243224,864.1027724924179,A1,100,5.05,F_2_1.25,blocksxpitch,2|1.25
21,5057,98283,3218.74425,636.4928317184101,0.09167766571044922,0.6346359492485985,151.74767770053234,252.4052108395063,871.6672012056395,A1,100,4.89,F_2_1.25,blocksxpitch,2|1.25
13,4619,92346,2047.9584000000002,443.3770080103919,0.12485194206237793,0.6947455764191194,27.73224751526273,58.35697897660119,330.52585155910225,B1,0,0.0,F_4_0.8,blocksxpitch,4|0.8
14,4926,101294,2230.7304000000004,452.84823386114505,0.13351035118103027,0.6943138290520663,52.85261273576072,106.76832339607996,467.2710678797356,B1,0,0.0,F_4_0.8,blocksxpitch,4|0.8
15,4428,87184,2010.9504,454.1441734417344,0.11824798583984375,0.6900489195265186,33.80869094849003,76.13105498223719,331.63779392790553,B1,0,0.0,F_4_0.8,blocksxpitch,4|0.8
16,5091,106001,2340.8784000000005,459.80718915733655,0.13961434364318848,0.691063409779153,40.68755205657433,73.77939962144688,467.13415181728675,B1,0,0.0,F_4_0.8,blocksxpitch,4|0.8
17,5240,99173,2305.9464000000003,440.0661068702291,0.13748478889465332,0.6820126193621248,32.0663806482459,58.8918531377935,385.6611994599075,B1,0,0.0,F_4_0.8,blocksxpitch,4|0.8
18,4195,84527,1921.614,458.07246722288437,0.11404252052307129,0.6951868929454493,33.96182408145061,71.22956180738866,314.06598937316596,B1,0,0.0,F_4_0.8,blocksxpitch,4|0.8
19,5148,98986,2324.2344,451.4829836829837,0.13712382316589355,0.6800951649728244,42.459028668581276,74.48705630696098,418.77833264104584,B1,0,0.0,F_4_0.8,blocksxpitch,4|0.8
20,4800,94279,2212.1352,460.86150000000004,0.1298692226409912,0.6894680946976527,36.88662912203348,74.36041895465897,403.4260831463744,B1,0,0.0,F_4_0.8,blocksxpitch,4|0.8
21,5057,98283,2328.5292000000004,460.4566343682025,0.18337559700012207,0.6812550237579236,32.004176351236055,58.5500801438947,381.51272782421074,B1,0,0.0,F_4_0.8,blocksxpitch,4|0.8
13,4619,92346,2031.2868,439.767655336653,0.12501001358032227,0.6995053927620037,28.431797026582327,63.245182228614176,335.7209230144344,A1,100,5.3,F_4_0.8,blocksxpitch,4|0.8
14,4926,101294,2211.5436,448.953227771011,0.13272881507873535,0.6986852627006536,40.91653516412541,82.52899438284027,400.5597848475153,A1,100,7.79,F_4_0.8,blocksxpitch,4|0.8
15,4428,87184,1971.636,445.26558265582656,0.11812067031860352,0.7011805491833364,34.99552104638585,87.78190198406278,334.1942785882373,A1,100,5.21,F_4_0.8,blocksxpitch,4|0.8
16,5091,106001,2259.5904,443.84018856806125,0.1341845989227295,0.705094409486703,34.52970830603696,65.43662032118397,436.91936052175015,A1,100,5.16,F_4_0.8,blocksxpitch,4|0.8
17,5240,99173,2210.4804000000004,421.8474045801527,0.13598203659057617,0.701086863359987,30.24372047519178,63.074303293071,389.44846425575446,A1,100,5.11,F_4_0.8,blocksxpitch,4|0.8
18,4195,84527,1848.7572000000002,440.7049344457688,0.11059379577636719,0.7120492564506016,29.046205526304554,56.74033306726719,287.33678961392405,A1,100,5.0,F_4_0.8,blocksxpitch,4|0.8
19,5148,98986,2241.3744,435.38741258741265,0.1362454891204834,0.6962388620613016,36.743017250024806,70.01044240138427,411.231102207252,A1,100,4.83,F_4_0.8,blocksxpitch,4|0.8
20,4800,94279,2103.9204,438.31674999999996,0.13986873626708984,0.7105276625759713,28.05420606297775,56.45292118738827,365.7034262777342,A1,100,6.99,F_4_0.8,blocksxpitch,4|0.8
21,5057,98283,2247.786,444.49001384219895,0.13375449180603027,0.6971234852415983,28.37465948632047,54.1280365392622,370.92059507710474,A1,100,6.53,F_4_0.8,blocksxpitch,4|0.8
13,4619,92346,2305.146,499.0573717254817,0.11886453628540039,0.6931818920148138,44.35149818797551,87.57465022772006,397.07296880215705,B1,0,0.0,F_4_1.0,blocksxpitch,4|1.0
14,4926,101294,2518.614,511.2898903775883,0.12763285636901855,0.693257251169862,70.33241697483382,123.40532380331193,487.2265534336,B1,0,0.0,F_4_1.0,blocksxpitch,4|1.0
15,4428,87184,2279.174,514.7186088527552,0.12312102317810059,0.6886469994494403,48.29115800956415,109.60941488873655,350.66590014815404,B1,0,0.0,F_4_1.0,blocksxpitch,4|1.0
16,5091,106001,2654.382,521.387153800825,0.13467144966125488,0.6896620079055858,66.77706616345102,109.40315099838966,541.5379601809683,B1,0,0.0,F_4_1.0,blocksxpitch,4|1.0
17,5240,99173,2621.434,500.2736641221374,0.13698792457580566,0.6816909592328557,57.94226191242261,114.17080793446937,457.5563969118924,B1,0,0.0,F_4_1.0,blocksxpitch,4|1.0
18,4195,84527,2188.038,521.5823599523242,0.11161398887634277,0.6923925195499663,53.69109741497482,104.95951219080442,363.12742984651965,B1,0,0.0,F_4_1.0,blocksxpitch,4|1.0
19,5148,98986,2631.136,511.0986790986791,0.13361001014709473,0.6774670155375507,63.06814356854794,112.66892797775444,474.93562430596023,B1,0,0.0,F_4_1.0,blocksxpitch,4|1.0
20,4800,94279,2500.73,520.9854166666667,0.1803605556488037,0.6868842743346875,56.144088990769916,116.61823837723914,463.1539684961347,B1,0,0.0,F_4_1.0,blocksxpitch,4|1.0
21,5057,98283,2640.14,522.076329839826,0.13228487968444824,0.6795901885371834,57.792082081989385,113.02437944283064,475.70876161602376,B1,0,0.0,F_4_1.0,blocksxpitch,4|1.0
13,4619,92346,2288.612,495.47780904957784,0.11846542358398438,0.6972104909795768,45.45109776424874,93.53650311306879,410.80278594645284,A1,100,5.4,F_4_1.0,blocksxpitch,4|1.0
14,4926,101294,2496.638,506.8286642306131,0.12689876556396484,0.6978848697849823,64.13507418805703,116.44923963942638,473.8903539600667,A1,100,4.97,F_4_1.0,blocksxpitch,4|1.0
15,4428,87184,2237.59,505.32746160794943,0.11606574058532715,0.6982946985685446,47.20068886277367,107.2109309104385,373.8861436686282,A1,100,5.08,F_4_1.0,blocksxpitch,4|1.0
16,5091,106001,2567.152,504.2529954822235,0.13602924346923828,0.7019392505731078,60.677145734880575,98.84299357481554,531.2593207477333,A1,100,5.3,F_4_1.0,blocksxpitch,4|1.0
17,5240,99173,2490.966,475.37519083969465,0.13387537002563477,0.6988133110826535,51.06255498966088,104.57670468003495,443.57158257660905,A1,100,5.4,F_4_1.0,blocksxpitch,4|1.0
18,4195,84527,2084.008,496.7837902264601,0.10977673530578613,0.7086689755935973,54.0684451995102,99.28452073885458,366.65324986396075,A1,99,7.5,F_4_1.0,blocksxpitch,4|1.0
19,5148,98986,2537.33,492.8768453768454,0.13163137435913086,0.6937665427434183,62.17568303332612,104.78278898167201,501.75387761299834,A1,100,5.02,F_4_1.0,blocksxpitch,4|1.0
20,4800,94279,2364.956,492.69916666666666,0.12163162231445312,0.7081193850168118,45.41005955868295,81.34429085632709,445.5448591655334,A1,100,5.04,F_4_1.0,blocksxpitch,4|1.0
21,5057,98283,2528.074,499.91576033221276,0.1340188980102539,0.6946729088448663,47.52915986099618,83.83164402770306,448.45334246728635,A1,100,4.85,F_4_1.0,blocksxpitch,4|1.0
13,4619,92346,2641.8765,571.9585408096991,0.11848998069763184,0.692592803153358,72.60522786691283,124.53549155517997,491.9777438824959,B1,0,0.0,F_4_1.25,blocksxpitch,4|1.25
14,4926,101294,2901.7575,589.0697320341047,0.1286609172821045,0.6922650897387802,103.18382380394934,164.95234794476272,567.9355617144105,B1,0,0.0,F_4_1.25,blocksxpitch,4|1.25
15,4428,87184,2620.548,591.8130081300814,0.11501884460449219,0.6876350591851715,75.3916845532097,158.02076110879034,429.7895786911685,B1,0,0.0,F_4_1.25,blocksxpitch,4|1.25
16,5091,106001,3046.899,598.4873305833825,0.13144540786743164,0.6882021160177734,97.20181720577402,144.17411008154448,612.4182384738656,B1,0,0.0,F_4_1.25,blocksxpitch,4|1.25
17,5240,99173,2998.608,572.2534351145039,0.13206887245178223,0.6802414719732185,87.90772396435902,159.2019871786618,540.5592186387532,B1,0,0.0,F_4_1.25,blocksxpitch,4|1.25
18,4195,84527,2511.0945,598.592252681764,0.10722875595092773,0.6933365965904386,77.12645036543161,142.760504702916,425.90112397804944,B1,0,0.0,F_4_1.25,blocksxpitch,4|1.25
19,5148,98986,3020.511,586.7348484848485,0.13106036186218262,0.6787035540379448,98.11218682697277,152.88463236958918,570.7635247439051,B1,0,0.0,F_4_1.25,blocksxpitch,4|1.25
20,4800,94279,2863.5105,596.5646875,0.12290167808532715,0.6885620074459848,86.86117306478945,144.46412796857274,552.4892216352491,B1,0,0.0,F_4_1.25,blocksxpitch,4|1.25
21,5057,98283,3014.7255,596.1490013842199,0.1709902286529541,0.6801744706612537,91.38032557522229,150.53316213690368,584.0704236907918,B1,0,0.0,F_4_1.25,blocksxpitch,4|1.25
13,4619,92346,2630.505,569.496644295302,0.1140739917755127,0.6965006605592012,75.81681584139213,137.34403817528562,521.1206090492934,A1,100,5.15,F_4_1.25,blocksxpitch,4|1.25
14,4926,101294,2885.61,585.7917174177832,0.12389659881591797,0.6959484273500899,102.80158844386641,159.50277708824603,578.3151783781207,A1,100,5.01,F_4_1.25,blocksxpitch,4|1.25
15,4428,87184,2583.003,583.3340108401084,0.11301088333129883,0.6957205450541384,72.6009745300201,142.08183875712615,435.41281715975475,A1,100,5.71,F_4_1.25,blocksxpitch,4|1.25
16,5091,106001,2967.453,582.8821449616971,0.1290569305419922,0.6998925717681909,98.32053605627831,156.77885869296054,609.9766764776805,A1,100,5.25,F_4_1.25,blocksxpitch,4|1.25
17,5240,99173,2895.1365,552.5069656488549,0.13634610176086426,0.6945147620824216,88.26651246809766,157.77292038529393,572.4654786397624,A1,100,5.17,F_4_1.25,blocksxpitch,4|1.25
18,4195,84527,2390.7255,569.8988081048868,0.10391664505004883,0.7072599583565015,70.11836551377152,138.9799211522725,408.22616219457603,A1,100,5.45,F_4_1.25,blocksxpitch,4|1.25
19,5148,98986,2893.5045,562.0638111888112,0.12882566452026367,0.6923658396136827,92.16058454556828,154.41853467801792,557.2605571566247,A1,100,5.14,F_4_1.25,blocksxpitch,4|1.25
20,4800,94279,2717.0595,566.0540625,0.11952829360961914,0.7054008580914095,69.77675483544616,121.75245201135928,513.9706180381395,A1,100,5.5,F_4_1.25,blocksxpitch,4|1.25
21,5057,98283,2926.347,578.6725331224046,0.12558293342590332,0.6927094461911012,77.90369243901912,130.90550465263502,544.0970969376006,A1,100,5.01,F_4_1.25,blocksxpitch,4|1.25
